[
  {
    "id": "r001",
    "name": "Aurora Diamond Ring",
    "price": 1299.0,
    "category": "Rings",
    "tags": [
      "diamond",
      "engagement",
      "gold"
    ],
    "image": "https://images.unsplash.com/photo-1523292562811-8fa7962a78c8?q=80&w=1200&auto=format&fit=crop"
  },
  {
    "id": "n002",
    "name": "Luna Pearl Necklace",
    "price": 899.0,
    "category": "Necklaces",
    "tags": [
      "pearl",
      "elegant"
    ],
    "image": "https://images.unsplash.com/photo-1617038260897-3b8b3c5f6c92?q=80&w=1200&auto=format&fit=crop"
  },
  {
    "id": "e003",
    "name": "Stellar Hoop Earrings",
    "price": 249.0,
    "category": "Earrings",
    "tags": [
      "hoop",
      "silver"
    ],
    "image": "https://images.unsplash.com/photo-1617038260605-7e4b44fcbb40?q=80&w=1200&auto=format&fit=crop"
  },
  {
    "id": "b004",
    "name": "Serenity Gold Bracelet",
    "price": 499.0,
    "category": "Bracelets",
    "tags": [
      "gold",
      "minimal"
    ],
    "image": "https://images.unsplash.com/photo-1523293833876-4b8b5a1ae07c?q=80&w=1200&auto=format&fit=crop"
  },
  {
    "id": "r005",
    "name": "Eternity Sapphire Ring",
    "price": 1099.0,
    "category": "Rings",
    "tags": [
      "sapphire",
      "white-gold"
    ],
    "image": "https://images.unsplash.com/photo-1536300003923-9f3d9b4f3d67?q=80&w=1200&auto=format&fit=crop"
  },
  {
    "id": "n006",
    "name": "Celeste Diamond Pendant",
    "price": 1199.0,
    "category": "Necklaces",
    "tags": [
      "diamond",
      "pendant"
    ],
    "image": "https://images.unsplash.com/photo-1603565816278-c8b3d4f6d0f4?q=80&w=1200&auto=format&fit=crop"
  },
  {
    "id": "e007",
    "name": "Opaline Stud Earrings",
    "price": 199.0,
    "category": "Earrings",
    "tags": [
      "opal",
      "stud"
    ],
    "image": "https://images.unsplash.com/photo-1616406432454-d39f9a9a3c52?q=80&w=1200&auto=format&fit=crop"
  },
  {
    "id": "b008",
    "name": "Twilight Charm Bracelet",
    "price": 349.0,
    "category": "Bracelets",
    "tags": [
      "charms",
      "silver"
    ],
    "image": "https://images.unsplash.com/photo-1599643477877-530eb83abc8e?q=80&w=1200&auto=format&fit=crop"
  }
]