[
  {
    "id": "p001",
    "name": "Classic Gold Necklace",
    "category": "Necklace",
    "price": 52000,
    "discount": "10%",
    "rating": 4.8,
    "lastSold": 18,
    "image": "https://images.unsplash.com/photo-1519669556878-2f4a1d9b4c88?q=80&w=800&auto=format&fit=crop"
  },
  {
    "id": "p002",
    "name": "Solitaire Diamond Ring",
    "category": "Ring",
    "price": 76000,
    "discount": "5%",
    "rating": 4.9,
    "lastSold": 9,
    "image": "https://images.unsplash.com/photo-1520975912586-7f4f4b6b8fd0?q=80&w=800&auto=format&fit=crop"
  },
  {
    "id": "p003",
    "name": "Pearl Pendant",
    "category": "Necklace",
    "price": 15000,
    "discount": "15%",
    "rating": 4.6,
    "lastSold": 22,
    "image": "https://images.unsplash.com/photo-1562158070-6f0b3f2c9b09?q=80&w=800&auto=format&fit=crop"
  },
  {
    "id": "p004",
    "name": "Minimal Gold Earrings",
    "category": "Earrings",
    "price": 12000,
    "discount": "12%",
    "rating": 4.5,
    "lastSold": 11,
    "image": "https://images.unsplash.com/photo-1547638264-1b8c3d9b2ea9?q=80&w=800&auto=format&fit=crop"
  },
  {
    "id": "p005",
    "name": "Silver Charm Bracelet",
    "category": "Bracelet",
    "price": 6000,
    "discount": "20%",
    "rating": 4.3,
    "lastSold": 30,
    "image": "https://images.unsplash.com/photo-1599949081746-1f2b2a2f9c8a?q=80&w=800&auto=format&fit=crop"
  }
]